A bearded man, with a warm smile and twinkling eyes
A bodybuilder man
A businessman, serious and focused
A caring man
A casually dressed man, wearing jeans and a t-shirt, with a mischievous grin
A charismatic man, with natural charm
A creative man
A cultured man
A dreamy man, lost in thought with a smirk on his face
A hardworking man
A middle-aged man with a piercing gaze and an imposing stature
A modern man
A muscular man
A mysterious man
A passionate man, with sparkling eyes and a contagious smile
A solitary man with a thoughtful expression
A stylish man
An adventurous man
An artistic man, with long hair and a bohemian air
An athletic young man
An elderly man
An enigmatic man, with a mysterious tattoo and a profound gaze
a Glamorous man
a Surprising man
a angry man
a beautiful man
a biker man
a charismatic man
a expressive man
a fashion man
a rocker man
a sad man
a sexy man posing
a vintage man
a warrior man
